ID,Name,Email,Address,Purchase_History_1,Purchase_History_2,Purchase_History_3
1,Gregory Romero,tammywalker@murphy.com,"326 Monique Creek Suite 035
Lake Chelseatown, OK 90991",2024-07-27,2024-03-16,2024-03-15
2,Michael Jackson,bpeterson@gmail.com,"33470 Melissa Forges Apt. 349
Johnnychester, FL 11879",2024-05-17,2024-03-02,2024-03-05
3,Dawn Gibson,christopher89@garcia.net,"697 Johnson Unions Suite 191
South Brad, DC 67866",2024-05-03,2024-04-11,2024-02-29
4,Evan Torres,treyes@yahoo.com,"361 Morgan Fords Apt. 377
South Marcbury, ME 98770",2024-05-16,2024-01-09,
5,Ashley Swanson,jameslewis@huber.com,"Unit 4643 Box 9762
DPO AP 68135",2024-02-15,,
6,Jeanette Ward,nicholasferguson@yahoo.com,"78729 Calvin Station
Liuburgh, AL 31419",2024-08-12,2024-08-12,2024-08-03
7,Megan Williams,kaisernancy@santos.com,"USS Rojas
FPO AE 68282",2024-02-12,2024-01-11,2024-04-05
8,Jennifer Gonzalez,carlos62@gmail.com,"0142 Daniel Mountains Suite 811
Wrightport, DC 97030",2024-03-16,2024-02-01,2024-07-06
9,Haley Alvarado,tannercastaneda@hotmail.com,"Unit 5976 Box 3015
DPO AE 29141",2024-03-15,2024-08-19,2024-02-18
10,Nicholas Mendez,kimberly32@yahoo.com,"9413 Charles Island
Port Benjaminville, WI 83118",2024-05-18,2024-06-29,2024-07-26
11,Charles Mcneil,michellesellers@ramirez.net,"887 Heather Squares
Port Stephentown, NE 76418",2024-01-13,,
12,Anna Werner,ubowman@davenport.com,"7845 Alicia Pike Apt. 292
Fryton, VA 54607",2024-03-16,2024-02-08,2024-04-07
13,Vicki Anderson,larrymiller@hotmail.com,"840 Rojas Squares Apt. 793
East Emily, AR 62112",2024-03-28,,
14,Cory Barnes,kathrynlewis@gmail.com,"10820 Christopher Wall Apt. 600
New Kevinton, VT 84876",2024-07-03,2024-05-16,
15,Laura Mayo,kennethgraham@yahoo.com,"8430 Smith Drive Suite 048
Walterschester, RI 54183",2024-05-13,2024-03-12,2024-01-23
16,Alexis Flores,pgross@martinez.biz,"90453 Cassandra Squares Apt. 049
Quinnburgh, AR 70289",2024-07-28,2024-04-26,2024-05-31
17,Willie Stephens,adam82@hotmail.com,"5873 Rose Highway
Bookerton, AZ 37193",2024-01-17,,
18,Andrew Pratt,davidbarajas@gmail.com,"1850 Michael Key
Masonbury, MD 06830",2024-03-21,2024-06-18,2024-06-11
19,Julie Robbins,deleonrebecca@yahoo.com,"586 Hopkins Islands
Port Tammy, VA 43986",2024-07-07,,
20,Jessica Pineda,smithsamantha@gonzales-rogers.com,"487 Mary Mountain Apt. 983
East William, OR 90622",2024-06-24,2024-06-14,2024-06-04
21,Timothy Bean,phunter@jenkins.org,"54895 Alejandro Street Apt. 606
Greenmouth, NC 29369",2024-01-15,,
22,Krista Munoz,elizabeth96@yahoo.com,"57348 Stevenson Common
Charlesview, KS 80376",2024-06-19,2024-07-19,2024-01-27
23,Eric Vargas,laurahutchinson@yahoo.com,"1430 Graham Valley Suite 783
South Sandrabury, MO 81000",2024-02-29,2024-08-23,2024-03-30
24,Stephanie Townsend,brettrodriguez@gmail.com,"6980 Tonya Road
New Stephanie, IN 94816",2024-02-10,2024-07-21,2024-03-10
25,Adrian Clark,jessica20@valdez.com,"295 Cox Camp Apt. 397
Barrberg, TN 51429",2024-01-28,2024-04-17,
26,David Mckenzie,jesse81@yahoo.com,"75780 Cunningham Circles Suite 549
Kyleside, VA 68690",2024-07-26,2024-04-05,2024-03-03
27,Leonard Olson,stephaniewalton@yahoo.com,"506 Norman Causeway Suite 857
East Isabelland, AZ 05188",2024-07-20,,
28,Christopher Jones,fwiggins@hotmail.com,"76874 Miller Ridge
Farmerfurt, NH 45323",2024-01-02,2024-02-12,2024-04-09
29,Gerald Brown,spencer61@phillips-harper.org,"2798 Noble Knolls
East Olivia, SC 58608",2024-01-12,2024-05-03,2024-08-21
30,Tammy Dunn,melissawells@yahoo.com,"660 Wu Islands Suite 161
North John, GA 02045",2024-05-07,,
31,Tara Daugherty,hermansusan@mclaughlin.com,"193 Harris Square
Breannachester, NJ 38138",2024-08-19,,
32,Jennifer Howard,waynetran@conrad.biz,"823 Stewart Street Apt. 313
Lake Annaside, WY 09499",2024-02-10,,
33,Angela Smith,mjames@miller.com,"2956 Robert Forks Apt. 762
Bautistastad, SC 85454",2024-04-23,2024-04-19,
34,Brittany Morrison,ernest71@gmail.com,"058 Pennington Mills
Port Mark, IN 59533",2024-08-17,2024-03-17,2024-02-14
35,Cheryl Johnson,thomas54@burnett-wu.info,"532 Petersen Ridges Suite 814
Jasonmouth, FL 31136",2024-04-27,2024-01-31,2024-01-24
36,Jeffrey Wilson,xfisher@yahoo.com,"90226 Rachel Flats
Pattyland, MA 12828",2024-08-26,2024-08-10,2024-05-23
37,Melissa Peters,turnerangela@vargas.com,"095 Daniel Pass Suite 857
Port Samuel, TX 10190",2024-04-30,2024-01-08,2024-03-05
38,David Patton,juliejohnson@swanson-leonard.biz,"294 Williams Street Apt. 396
Port Nancy, IN 09327",2024-06-09,2024-04-07,
39,Timothy Richardson,rpierce@yang-romero.com,"82890 Dana Point
Briggsfurt, NY 91438",2024-07-13,2024-01-29,2024-07-18
40,Bonnie Howard,patriciadavis@gibson.info,"929 Glass Plain Suite 091
Lake Maria, IL 58108",2024-06-24,2024-01-08,2024-01-08
41,Dawn Estrada,alison83@byrd-charles.com,"55094 Morton Crest Suite 430
West Jennifer, AZ 86088",2024-06-12,2024-04-24,2024-03-10
42,Melissa Stewart,ann18@hotmail.com,"0409 Johnson Courts
South Allenfort, HI 15080",2024-04-16,2024-04-06,2024-08-12
43,Stacy Ray,anna89@yahoo.com,"8969 Smith Gateway Apt. 424
Wilsonfort, IA 32674",2024-08-07,2024-08-05,
44,Michael Vaughn,carlsonmarisa@harris.biz,"USNV Moreno
FPO AE 33481",2024-06-03,,
45,Paul Dennis,susanyork@hotmail.com,"88831 Thomas Rue
Kyleside, DE 76310",2024-06-13,2024-05-29,2024-01-18
46,Beverly Carter,jacksontom@gmail.com,"1020 Foster Plains Apt. 009
South Brendan, MS 75167",2024-07-26,,
47,Rachel Hayes,mathissusan@jones-mueller.com,"390 Nguyen Manor
Blairton, NC 47397",2024-05-10,2024-05-27,2024-05-26
48,Jerry Thompson,steven92@bernard.com,"2570 Pope Heights Apt. 975
Higginsfort, MN 76569",2024-06-05,2024-01-21,2024-06-01
49,April White,robertgilbert@johnson-blackburn.com,"34821 Harrell Ways
Lake Elizabeth, MI 66046",2024-02-28,2024-02-07,2024-06-11
50,Rebecca Watson,stevensbenjamin@sharp-moore.com,"74448 Alvarez Stream Suite 533
North Lisamouth, MS 62157",2024-06-05,2024-04-19,2024-04-05
